Time (s)	Heater Voltage (V)	Heater Current (A)	Heater Power (W)	Thermistor Resistance (Ohm)	Thermistor temperature (degC)
0.30299997329711914	16.0	0.0	0.0	10000.0	24.227364000000023
1.3029999732971191	16.0	0.0	0.0	10000.0	24.227364000000023
2.302999973297119	16.0	0.0	0.0	10000.0	24.227364000000023
3.302999973297119	16.0	0.0	0.0	10000.0	24.227364000000023
4.302999973297119	16.0	0.0	0.0	10000.0	24.227364000000023
